<?xml version="1.0" encoding="UTF-8"?>

<!DOCTYPE mapper PUBLIC "-//mybatis.org//DTD Mapper 3.0//EN" "http://mybatis.org/dtd/mybatis-3-mapper.dtd">

<mapper namespace="com.tcs.arms.mapper.ArmsMapper">

	<resultMap id="MainInfoMap" type="com.tcs.arms.model.MainInfo">
		<result column="mainId" jdbcType="INTEGER" property="mainId" />
		<result column="TestName" jdbcType="VARCHAR" property="testName" />
		<result column="TestFilterName" jdbcType="VARCHAR" property="testFilterName" />
		<result column="TestDescription" jdbcType="VARCHAR" property="testDescription" />
		<result column="TestPassed" jdbcType="VARCHAR" property="testPassed" />
		<result column="BatchId" jdbcType="VARCHAR" property="batchId" />
		<result column="TestNotes" jdbcType="VARCHAR" property="testNotes" />
		<result column="StartDate" jdbcType="VARCHAR" property="startDate" />
		<result column="StartedBy" jdbcType="VARCHAR" property="startedBy" />
		<result column="CompleteDate" jdbcType="TIMESTAMP" property="completeDate" />
		<result column="StartedByName" jdbcType="VARCHAR" property="startedByName" />
		<result column="StartedByFullName" jdbcType="VARCHAR" property="startedByFullName" />
		<result column="InstrumentSerialNumber" jdbcType="VARCHAR" property="instrumentSerialNumber" />
		<result column="FlowRate" jdbcType="VARCHAR" property="flowRate" />
		<result column="FlowRateAtConst" jdbcType="VARCHAR" property="flowRateAtConst" />
		<result column="ActualTestPressure" jdbcType="VARCHAR" property="actualTestPressure" />
		<result column="SystemSize" jdbcType="VARCHAR" property="systemSize" />
		<result column="SizeAtTemperature" jdbcType="VARCHAR" property="sizeAtTemperature" />
		<result column="SelfCheckPassed" jdbcType="VARCHAR" property="selfCheckPassed" />
		<result column="FilterSize" jdbcType="VARCHAR" property="filterSize" />
		<result column="NumOfRounds" jdbcType="VARCHAR" property="numOfRounds" />
		<result column="LastCalibrationDate" jdbcType="TIMESTAMP" property="lastCalibrationDate" />
		<result column="CalibrationOverdue" jdbcType="VARCHAR" property="calibrationOverdue" />
		<result column="ArchiveDate" jdbcType="VARCHAR" property="archiveDate" />
		<result column="Signature1" jdbcType="VARCHAR" property="signature1" />
		<result column="Signature2" jdbcType="VARCHAR" property="signature2" />
		<result column="Signatures Remaining" jdbcType="VARCHAR" property="signaturesRemaining" />
		<result column="XmlFileNamePath" jdbcType="VARCHAR" property="xmlFileNamePath" />
		<result column="XmlFileName" jdbcType="VARCHAR" property="xmlFileName" />
		<result column="XmlAuditFileNamePath" jdbcType="VARCHAR" property="xmlAuditFileNamePath" />
		<result column="XmlAuditFileName" jdbcType="VARCHAR" property="xmlAuditFileName" />
		<result column="SyncFlag" jdbcType="BOOLEAN" property="syncFlag" />
		<result column="SyncNumber" jdbcType="INTEGER" property="syncNumber" />
		<result column="HasPdfFlag" jdbcType="BOOLEAN" property="hasPdfFlag" />
		<result column="PdfFileNamePath" jdbcType="VARCHAR" property="pdfFileNamePath" />
		<result column="PdfFileName" jdbcType="VARCHAR" property="pdfFileName" />
		<result column="RowCreatedTime" jdbcType="TIMESTAMP" property="rowCreatedTime" />
	</resultMap>

	<select id="QueryMainInfoList" resultMap="MainInfoMap" flushCache="true">
	select mainId,[TestName],[TestFilterName],[TestDescription],isnull([TestPassed],'99') as 'TestPassed',isnull([BatchID],'') as 'BatchID',[RunNotes]
      ,[StartDate],[StartedBy],[StartedByName],[StartedByFullName],[CompleteDate],[InstrumentSerialNumber],[FlowRate],[FlowRateAtConst]
      ,[ActualTestPressure],[SystemSize],[SizeAtTemperature],isnull([SelfCheckPassed],'99') as 'SelfCheckPassed',[FilterSize],
	  [NumOfRounds],[LastCalibrationDate],[CalibrationOverdue],[ArchiveDate],[XmlFileNamePath],[XmlFileName],[XmlAuditFileNamePath],[XmlAuditFileName]
      ,[SyncFlag],[SyncNumber],[HasPdfFlag],[PdfFileNamePath],[PdfFileName],[RowCreatedTime]
     from Arms_MainInfo order by mainId desc
	</select>

	<select id="SearchMainInfo" parameterType="java.util.HashMap" resultMap="MainInfoMap" flushCache="true">
	select mainId,[TestName],[TestFilterName],[TestDescription],isnull([TestPassed],'99') as 'TestPassed',isnull([BatchID],'') as 'BatchID',[RunNotes]
      ,[StartDate],[StartedBy],[StartedByName],[StartedByFullName],[CompleteDate],[InstrumentSerialNumber],[FlowRate],[FlowRateAtConst]
      ,[ActualTestPressure],[SystemSize],[SizeAtTemperature],isnull([SelfCheckPassed],'99') as 'SelfCheckPassed',[FilterSize],
	  [NumOfRounds],[LastCalibrationDate],[CalibrationOverdue],[ArchiveDate],[XmlFileNamePath],[XmlFileName],[XmlAuditFileNamePath],[XmlAuditFileName]
      ,[SyncFlag],[SyncNumber],[HasPdfFlag],[PdfFileNamePath],[PdfFileName],[RowCreatedTime] 
      from Arms_MainInfo
		<where>
			<if test="TestName!=null and TestName!=''">
                and [TestName] like concat('%',#{TestName},'%')
            </if>
			<if test="TestFilterName!=null and TestFilterName!=''">
                and [TestFilterName] like concat('%',#{TestFilterName},'%')
            </if>
			<if test="TestPassed!=null and TestPassed!=''">
                and isnull([TestPassed],'99')=#{TestPassed}
            </if>
			<if test="BatchID!=null and BatchID!=''">
                and [BatchID] like concat('%',#{BatchID},'%')
            </if>
            <if test="RunNotes!=null and RunNotes!=''">
                and [RunNotes] like concat('%',#{RunNotes},'%')
            </if>
			<if test="TestDescription!=null and TestDescription!=''">
                and [TestDescription] like concat('%',#{TestDescription},'%')
            </if>
            <if test="startTime!=null and startTime!=''">
            and [StartDate] &gt;= CAST(#{startTime} as datetime)
            </if>
            
            <if test="endTime!=null and endTime!=''">
            and [StartDate] &lt;= CAST(#{endTime} as datetime)
            </if>
            
			<if test="StartedBy!=null and StartedBy!=''">
                and [StartedBy] like concat('%',#{StartedBy},'%')
            </if>
            
            <if test="StartedByName!=null and StartedByName!=''">
                and [StartedByName] like concat('%',#{StartedByName},'%')
            </if>
            
			<if test="InstrumentSerialNumber!=null and InstrumentSerialNumber!=''">
                and [InstrumentSerialNumber] like concat('%',#{InstrumentSerialNumber},'%')
            </if>
			<if test="FlowRate!=null and FlowRate!=''">
                and [FlowRate] like concat('%',#{FlowRate},'%')
            </if>
			<if test="FlowRateAtConst!=null and FlowRateAtConst!=''">
                and [FlowRateAtConst] like concat('%',#{FlowRateAtConst},'%')
            </if>
			<if test="ActualTestPressure!=null and ActualTestPressure!=''">
                and [ActualTestPressure] like concat('%',#{ActualTestPressure},'%')
            </if>
			<if test="SystemSize!=null and SystemSize!=''">
                and [SystemSize] like concat('%',#{SystemSize},'%')
            </if>

			<if test="SizeAtTemperature!=null and SizeAtTemperature!=''">
                and [SizeAtTemperature] like concat('%',#{SizeAtTemperature},'%')
            </if>
			<if test="SelfCheckPassed!=null and SelfCheckPassed!=''">
				and isnull([SelfCheckPassed],'99')=#{SelfCheckPassed}
            </if>
			<if test="FilterSize!=null and FilterSize!=''">
                and [FilterSize] like concat('%',#{FilterSize},'%')
            </if>
			<if test="NumOfRounds!=null and NumOfRounds!=''">
                and [NumOfRounds]  like concat('%',#{NumOfRounds},'%')
            </if>
            
            <if test="startCalibrationTime!=null and startCalibrationTime!=''">
            and [LastCalibrationDate] &gt;= CAST(#{startCalibrationTime} as datetime)
            </if>
            
            <if test="endArchiveDateTime!=null and endArchiveDateTime!=''">
            and [LastCalibrationDate] &lt;= CAST(#{endCalibrationTime} as datetime)
            </if>

			<if test="CalibrationOverdue!=null and CalibrationOverdue!=''">
                and [CalibrationOverdue]=#{CalibrationOverdue}
            </if>
            
            <if test="startArchiveTime!=null and startArchiveTime!=''">
            and [ArchiveDate] &gt;= CAST(#{startArchiveTime} as datetime)
            </if>
            
            <if test="endArchiveDateTime!=null and endArchiveDateTime!=''">
            and [ArchiveDate] &lt;= CAST(#{endArchiveDateTime} as datetime)
            </if>
            
            <if test="startCompleteTime!=null and startCompleteTime!=''">
            and [CompleteDate] &gt;= CAST(#{startCompleteTime} as datetime)
            </if>
            
            <if test="endCompleteTime!=null and endCompleteTime!=''">
            and [CompleteDate] &lt;= CAST(#{endCompleteTime} as datetime)
            </if>
		</where>	
		order by mainId desc
	</select>

	<select id="QueryMainInfo" resultType="com.tcs.arms.model.MainInfo" flushCache="true">
		select top 1 mainId,syncFlag,syncNumber from Arms_MainInfo where xmlFileName like concat('%',#{fileName},'%')
	</select>
	
	<select id="GetMainInfoWithStartBy" resultType="java.lang.String">
		select distinct(startedBy) as 'startedBy' from Arms_MainInfo where isnull(startedByName,'')='' and isnull(startedBy,'')!=''
	</select>
	
	<update id="UpdateMainInfoWithStartBy">
		update Arms_MainInfo set startedByName=#{startedByName} where startedBy=#{startedBy};
	</update>
	
	<!-- 动态插入sql -->
	<sql id="mainInfoKeys">
		<trim suffixOverrides=",">
			<if test="testName!=null and testName!=''">
     [TestName],
    </if>
			<if test="testFilterName!=null and testFilterName!=''">
     [TestFilterName],
    </if>
			<if test="testDescription!=null and testDescription!=''">
     [TestDescription],
    </if>
			<if test="testPassed!=null and testPassed!=''">
     [TestPassed],
    </if>
			<if test="batchId!=null and batchId!=''">
     [BatchID],
    </if>
			<if test="runNotes!=null and runNotes!=''">
     [RunNotes],
    </if>
			<if test="startDate!=null">
     [StartDate],
    </if>
			<if test="startedBy!=null and startedBy!=''">
     [StartedBy],
    </if>
			<if test="startedByFullName!=null and startedByFullName!=''">
     [StartedByFullName],
    </if>
			<if test="instrumentSerialNumber!=null and instrumentSerialNumber!=''">
     [InstrumentSerialNumber],
    </if>
			<if test="flowRate!=null and flowRate!=''">
     [FlowRate],
    </if>
			<if test="flowRateAtConst!=null and flowRateAtConst!=''">
     [FlowRateAtConst],
    </if>
			<if test="actualTestPressure!=null and actualTestPressure!=''">
     [ActualTestPressure],
    </if>
			<if test="systemSize!=null and systemSize!=''">
     [SystemSize],
    </if>
			<if test="sizeAtTemperature!=null and sizeAtTemperature!=''">
     [SizeAtTemperature],
    </if>
			<if test="selfCheckPassed!=null and selfCheckPassed!=''">
     [SelfCheckPassed],
    </if>
			<if test="filterSize!=null and filterSize!=''">
     [FilterSize],
    </if>
			<if test="numOfRounds!=null and numOfRounds!=''">
     [NumOfRounds],
    </if>
			<if test="lastCalibrationDate!=null">
     [LastCalibrationDate],
    </if>
			<if test="calibrationOverdue!=null and calibrationOverdue!=''">
     [CalibrationOverdue],
    </if>
			<if test="archiveDate!=null">
     [ArchiveDate],
    </if>
    		<if test="completeDate!=null">
     [CompleteDate],
    </if>
			<if test="signature1!=null and signature1!=''">
     [Signature1],
    </if>
			<if test="signature2!=null and signature2!=''">
     [Signature2],
    </if>
			<if test="signaturesRemaining!=null and signaturesRemaining!=''">
     [SignaturesRemaining],
    </if>
			<if test="xmlFileName!=null and xmlFileName!=''">
     xmlFileName,
    </if>
			<if test="xmlFileNamePath!=null and xmlFileNamePath!=''">
     xmlFileNamePath,
    </if>
			<if test="xmlAuditFileName!=null and xmlAuditFileName!=''">
     xmlAuditFileName,
    </if>
			<if test="xmlAuditFileNamePath!=null and xmlAuditFileNamePath!=''">
     xmlAuditFileNamePath,
    </if>
			<if test="syncFlag!=null and syncFlag!=''">
     syncFlag,
    </if>
			<if test="syncNumber!=null and syncNumber!=''">
     syncNumber,
    </if>
			<if test="hasPdfFlag!=null and hasPdfFlag!=''">
     hasPdfFlag,
    </if>
			<if test="pdfFileNamePath!=null and pdfFileNamePath!=''">
     pdfFileNamePath,
    </if>
			<if test="pdfFileName!=null and pdfFileName!=''">
     pdfFileName,
    </if>
			<if test="rowCreatedTime!=null">
     rowCreatedTime,
    </if>
		</trim>
	</sql>

	<!-- 对应的插入字段的值 -->
	<sql id="mainInfoValues">
		<trim suffixOverrides=",">
			<if test="testName!=null and testName!=''">
     #{testName},
    </if>
			<if test="testFilterName!=null and testFilterName!=''">
      #{testFilterName},
    </if>
			<if test="testDescription!=null and testDescription!=''">
      #{testDescription},
    </if>
			<if test="testPassed!=null and testPassed!=''">
       #{testPassed},
    </if>
			<if test="batchId!=null and batchId!=''">
      #{batchId},
    </if>
			<if test="runNotes!=null and runNotes!=''">
     #{runNotes},
    </if>
			<if test="startDate!=null">
     #{startDate},
    </if>
			<if test="startedBy!=null and startedBy!=''">
     #{startedBy},
    </if>
			<if test="startedByFullName!=null and startedByFullName!=''">
      #{startedByFullName},
    </if>
			<if test="instrumentSerialNumber!=null and instrumentSerialNumber!=''">
      #{instrumentSerialNumber},
    </if>
			<if test="flowRate!=null and flowRate!=''">
     #{flowRate},
    </if>
			<if test="flowRateAtConst!=null and flowRateAtConst!=''">
       #{flowRateAtConst},
    </if>
			<if test="actualTestPressure!=null and actualTestPressure!=''">
      #{actualTestPressure},
    </if>
			<if test="systemSize!=null and systemSize!=''">
     #{systemSize},
    </if>
			<if test="sizeAtTemperature!=null and sizeAtTemperature!=''">
      #{sizeAtTemperature},
    </if>
			<if test="selfCheckPassed!=null and selfCheckPassed!=''">
      #{selfCheckPassed},
    </if>
			<if test="filterSize!=null and filterSize!=''">
     #{filterSize},
    </if>
			<if test="numOfRounds!=null and numOfRounds!=''">
     #{numOfRounds},
    </if>
			<if test="lastCalibrationDate!=null">
     #{lastCalibrationDate},
    </if>
			<if test="calibrationOverdue!=null and calibrationOverdue!=''">
     #{calibrationOverdue},
    </if>
			<if test="archiveDate!=null">
     #{archiveDate},
    </if>
    <if test="completeDate!=null">
     #{completeDate},
    </if>
			<if test="signature1!=null and signature1!=''">
     #{signature1},
    </if>
			<if test="signature2!=null and signature2!=''">
        #{signature2},
    </if>
			<if test="signaturesRemaining!=null and signaturesRemaining!=''">
         #{signaturesRemaining},
    </if>
			<if test="xmlFileName!=null and xmlFileName!=''">
     #{xmlFileName},
    </if>
			<if test="xmlFileNamePath!=null and xmlFileNamePath!=''">
     #{xmlFileNamePath},
    </if>
			<if test="xmlAuditFileName!=null and xmlAuditFileName!=''">
     #{xmlAuditFileName},
    </if>
			<if test="xmlAuditFileNamePath!=null and xmlAuditFileNamePath!=''">
     #{xmlAuditFileNamePath},
    </if>
			<if test="syncFlag!=null and syncFlag!=''">
     #{syncFlag},
    </if>
			<if test="syncNumber!=null and syncNumber!=''">
     #{syncNumber},
    </if>
			<if test="hasPdfFlag!=null and hasPdfFlag!=''">
     #{hasPdfFlag},
    </if>
			<if test="pdfFileNamePath!=null and pdfFileNamePath!=''">
     #{pdfFileNamePath},
    </if>
			<if test="pdfFileName!=null and pdfFileName!=''">
     #{pdfFileName},
    </if>
			<if test="rowCreatedTime!=null">
     #{rowCreatedTime},
    </if>
		</trim>
	</sql>
	<insert id="Save_MainInfo" parameterType="com.tcs.arms.model.MainInfo" flushCache="true" useGeneratedKeys="true" keyProperty="mainId">
		insert into Arms_MainInfo(
		<include refid="mainInfoKeys" />
		) values (
		<include refid="mainInfoValues" />
		)
	</insert>
	
	<insert id="SaveMainInfo" parameterType="com.tcs.arms.model.MainInfo" flushCache="true" useGeneratedKeys="true" keyProperty="mainId">
	insert into Arms_MainInfo([BatchID],[TestName],[TestFilterName],[TestPassed],[TestDescription],[RunNotes],[StartDate],[StartedBy],[StartedByFullName],[InstrumentSerialNumber],
[FlowRate],[FlowRateAtConst],[ActualTestPressure],[SystemSize],[SizeAtTemperature],[SelfCheckPassed],[FilterSize],[NumOfRounds],[LastCalibrationDate],
[CalibrationOverdue],[ArchiveDate],[CompleteDate],[Signature1],[Signature2],[SignaturesRemaining],xmlFileName,xmlFileNamePath,xmlAuditFileName,xmlAuditFileNamePath,
syncFlag,syncNumber,hasPdfFlag,pdfFileName,pdfFileNamePath,rowCreatedTime) values 
(#{batchId},#{testName},#{testFilterName},#{testPassed},#{testDescription},#{runNotes},#{startDate},#{startedBy},#{startedByFullName},#{instrumentSerialNumber},
#{flowRate},#{flowRateAtConst},#{actualTestPressure},#{systemSize},#{sizeAtTemperature},#{selfCheckPassed},#{filterSize},#{numOfRounds},#{lastCalibrationDate},
#{calibrationOverdue},#{archiveDate},#{completeDate},#{signature1},#{signature2},#{signaturesRemaining},#{xmlFileName},#{xmlFileNamePath},#{xmlAuditFileName},#{xmlAuditFileNamePath},
#{syncFlag},#{syncNumber},#{hasPdfFlag},#{pdfFileName},#{pdfFileNamePath},#{rowCreatedTime})		
	</insert>
	

	<update id="UpdateMainInfo">
		update Arms_MainInfo
		<trim prefix="set" suffixOverrides=",">
			<if test="testName!=null and testName!=''">[TestName]=#{testName},</if>

			<if test="testFilterName!=null and testFilterName!=''">[TestFilterName]=#{testFilterName},</if>

			<if test="testDescription!=null and testDescription!=''">[TestDescription]=#{testDescription},</if>

			<if test="testPassed!=null and testPassed!=''">[TestPassed]=#{testPassed},</if>

			<if test="batchId!=null and batchId!=''">[BatchID]=#{batchId},</if>

			<if test="runNotes!=null and runNotes!=''">[RunNotes]=#{runNotes},</if>

			<if test="startDate != null">[StartDate]=#{startDate},</if>

			<if test="startedBy!=null and startedBy!=''">[StartedBy]=#{startedBy},</if>

			<if test="startedByFullName!=null and startedByFullName!=''">[StartedByFullName]=#{startedByFullName},</if>

			<if test="instrumentSerialNumber!=null and instrumentSerialNumber!=''">[InstrumentSerialNumber]=#{instrumentSerialNumber},</if>

			<if test="flowRate!=null and flowRate!=''">[FlowRate]=#{flowRate},</if>

			<if test="flowRateAtConst!=null and flowRateAtConst!=''">[FlowRateAtConst]=#{flowRateAtConst},</if>

			<if test="actualTestPressure!=null and actualTestPressure!=''">[ActualTestPressure]=#{actualTestPressure},</if>

			<if test="systemSize!=null and systemSize!=''">[SystemSize]=#{systemSize},</if>

			<if test="sizeAtTemperature!=null and sizeAtTemperature!=''">[SizeAtTemperature]=#{sizeAtTemperature},</if>

			<if test="selfCheckPassed!=null and selfCheckPassed!=''">[SelfCheckPassed]=#{selfCheckPassed},</if>

			<if test="filterSize!=null and filterSize!=''">[FilterSize]=#{filterSize},</if>

			<if test="numOfRounds!=null and numOfRounds!=''">[NumOfRounds]=#{numOfRounds},</if>

			<if test="lastCalibrationDate != null">[LastCalibrationDate]=#{lastCalibrationDate},</if>

			<if test="calibrationOverdue!=null and calibrationOverdue!=''">[CalibrationOverdue]=#{calibrationOverdue},</if>

			<if test="archiveDate != null">[ArchiveDate]=#{archiveDate},</if>
			
			<if test="completeDate != null">[CompleteDate]=#{completeDate},</if>

			<if test="signature1!=null and signature1!=''">[Signature1]=#{signature1},</if>

			<if test="signature2 != null and signature2!=''">[Signature2]=#{signature2},</if>

			<if test="signaturesRemaining != null and signaturesRemaining!=''">[SignaturesRemaining]=#{signaturesRemaining},</if>
			
            <if test="xmlFileName != null and xmlFileName!=''">xmlFileName=#{xmlFileName},</if>
            
			<if test="xmlFileNamePath != null and xmlFileNamePath!=''">xmlFileNamePath=#{xmlFileNamePath},</if>
			
			<if test="xmlAuditFileName != null and xmlAuditFileName!=''">xmlAuditFileName=#{xmlAuditFileName},</if>
			
			<if test="xmlAuditFileNamePath != null and xmlAuditFileNamePath!=''">xmlAuditFileNamePath=#{xmlAuditFileNamePath},</if>
			
			<if test="syncFlag != null and syncFlag!=''">syncFlag=#{syncFlag},</if>
			
			<if test="syncNumber != null and syncNumber!=''">syncNumber=#{syncNumber},</if>
			
			<if test="hasPdfFlag != null and hasPdfFlag!=''">hasPdfFlag=#{hasPdfFlag},</if>
			
			<if test="pdfFileNamePath != null and pdfFileNamePath!=''">pdfFileNamePath=#{pdfFileNamePath},</if>
			
			<if test="pdfFileName != null and pdfFileName!=''">pdfFileName=#{pdfFileName},</if>
			
			<if test="rowCreatedTime != null">rowCreatedTime=#{rowCreatedTime}</if>
		</trim>
		where mainId=#{mainId}
	</update>

	<update id="UpdateMainInfoByMainId">
	    update Arms_MainInfo set hasSync=#{hasSync},syncNumber=#{syncNumber} where mainId=#{mainId}    
	</update>

	<insert id="Save_AuditInfo" parameterType="com.tcs.arms.model.AuditInfo" flushCache="true">
	    insert into Arms_AuditInfo(mainid,changeid,date,level,source,objectname,eventidname,eventid,createddate,createdby,createdbyfullname,computer,processid,message,data)
	     values 
	    (#{mainId},#{changeId},#{date},#{level},#{source},#{objectName},#{eventIdName},#{eventId},#{createdDate},#{createdBy},#{createdByFullName},#{computer},#{processId},#{message},#{data})
	</insert>
	
	<insert id="SaveAuditInfoOneByOne" parameterType="com.tcs.arms.model.AuditInfo" flushCache="true">
		insert into Arms_AuditInfo(mainid,changeid,date,level,source,objectname,eventidname,eventid,createddate,createdby,createdbyfullname,computer,processid,message,data,rowcreatedtime) 
		values 
		(#{mainId},#{changeId},#{date},#{level},#{source},#{objectName},#{eventIdName},#{eventId},#{createdDate},#{createdBy},#{createdByFullName},#{computer},#{processId},#{message},#{data},#{rowCreatedTime})
	</insert>

	<insert id="SaveAuditInfo" parameterType="java.util.List" flushCache="true">
		insert into Arms_AuditInfo(mainid,changeid,date,level,source,objectname,eventidname,eventid,createddate,createdby,createdbyfullname,computer,processid,message,data,rowcreatedtime) values 
		<foreach collection="list" item="item" index="index" separator=",">
      (
        #{item.mainId},#{item.changeId},#{item.date},#{item.level},#{item.source},#{item.objectName},#{item.eventIdName},#{item.eventId},#{item.createdDate},#{item.createdBy},#{item.createdByFullName},#{item.computer},#{item.processId},#{item.message},#{item.data},#{item.rowCreatedTime}
      )
    </foreach>
	</insert>

	<delete id="DeleteAuditInfo">
	    delete from Arms_AuditInfo where mainId=#{mainId}
	</delete>

	<resultMap id="AuditInfoMap" type="com.tcs.arms.model.AuditInfo">
		<result column="id" jdbcType="INTEGER" property="id" />
		<result column="mainId" jdbcType="INTEGER" property="mainId" />
		<result column="changeId" jdbcType="INTEGER" property="changeId" />
		<result column="date" jdbcType="TIMESTAMP" property="date" />
		<result column="level" jdbcType="VARCHAR" property="level" />
		<result column="source" jdbcType="VARCHAR" property="source" />
		<result column="objectname" jdbcType="VARCHAR" property="objectname" />
		<result column="eventIdName" jdbcType="VARCHAR" property="eventIdName" />
		<result column="eventId" jdbcType="VARCHAR" property="eventId" />
		<result column="createdDate" jdbcType="TIMESTAMP" property="createdDate" />
		<result column="createdBy" jdbcType="VARCHAR" property="createdBy" />
		<result column="createdByFullName" jdbcType="VARCHAR" property="createdByFullName" />
		<result column="computer" jdbcType="VARCHAR" property="computer" />
		<result column="processId" jdbcType="VARCHAR" property="processId" />
		<result column="message" jdbcType="VARCHAR" property="message" />
		<result column="data" jdbcType="VARCHAR" property="data" />
	</resultMap>

	<select id="QueryAuditInfoList" resultMap="AuditInfoMap">
	select id,mainId,changeId,date,level,source,objectname,eventIdName,eventId,createdDate,createdBy,createdByFullName,computer,processId,message,data from Arms_AuditInfo 
		 where MainId=#{mainId} 
		  order by date asc,createdDate asc
	</select>

	<select id="GetMainPdfFile" resultType="com.tcs.arms.model.MainInfo">
		select mainId,xmlFileName,hasPdfFlag,PdfFileName as 'pdfFileName',PdfFileNamePath as 'pdfFileNamePath' from Arms_mainInfo where mainId=#{mainId}
	</select>
	
	<update id="SaveMainPdfFilePath">
		update Arms_MainInfo set HasPdfFlag=#{hasPdfFlag},PdfFileName=#{pdfFileName},PdfFileNamePath=#{pdfFileNamePath} where mainId=#{mainId};
	</update>

	<resultMap id="TaskSyncLogMap" type="com.tcs.arms.model.TaskSyncLog">
		<result column="id" jdbcType="INTEGER" property="id" />
		<result column="mainId" jdbcType="INTEGER" property="mainId" />
		<result column="taskName" jdbcType="VARCHAR" property="taskName" />
		<result column="syncFileName" jdbcType="VARCHAR" property="syncFileName" />
		<result column="message" jdbcType="VARCHAR" property="message" />
		<result column="executeTime" jdbcType="TIMESTAMP" property="executeTime" />
		<result column="syncFlag" jdbcType="BOOLEAN" property="syncFlag" />
	</resultMap>
	<select id="QueryTaskSyncLogList" resultMap="TaskSyncLogMap" parameterType="java.util.HashMap" flushCache="true">
		select id,mainId,taskName,syncFileName,message,executeTime,syncFlag,executeType from Arms_TaskSyncLog 
		<where>
			 <if test="startTime!=null and startTime!=''">
            and [executeTime] &gt;= CAST(#{startTime} as datetime)
            </if>           
            <if test="endTime!=null and endTime!=''">
            and [executeTime] &lt;= CAST(#{endTime} as datetime)
            </if>
		</where> 
		order by executeTime desc
	</select>

	<insert id="SaveTaskSyncLog" parameterType="com.tcs.arms.model.TaskSyncLog">
	    insert into Arms_TaskSyncLog(mainId,taskName,syncFileName,message,executeTime,syncFlag,executeType) values 
	    (#{mainId},#{taskName},#{syncFileName},#{message},#{executeTime},#{syncFlag},#{executeType})
	</insert>
	
	<select id="CountTaskSyncLog" resultType="INTEGER">
	    select count(1) as 'taskNumber' from Arms_TaskSyncLog where syncFileName like concat('%',#{fileName},'%')
	</select>

	<resultMap id="OperationLogMap" type="com.tcs.arms.model.OperationLog">
		<result column="operationId" jdbcType="INTEGER" property="operationId" />
		<result column="operatorId" jdbcType="VARCHAR" property="operatorId" />
		<result column="operatorName" jdbcType="VARCHAR" property="operatorName" />
		<result column="operateModule" jdbcType="VARCHAR" property="operateModule" />
		<result column="operateMethod" jdbcType="VARCHAR" property="operateMethod" />
		<result column="operateTime" jdbcType="TIMESTAMP" property="operateTime" />
		<result column="operateIP" jdbcType="VARCHAR" property="operateIP" />
		<result column="operateType" jdbcType="VARCHAR" property="operateType" />
		<result column="operateTypeName" jdbcType="VARCHAR" property="operateTypeName" />
		<result column="operateInfo" jdbcType="VARCHAR" property="operateInfo" />
	</resultMap>
	<select id="QueryOperationLogList" resultMap="OperationLogMap" parameterType="java.util.HashMap" flushCache="true">
		select operationId,operatorName,operateModule,operateMethod,operateTime,operateIP,operateType,operateTypeName,operateInfo from Arms_OperationLog 
		<where>
			 <if test="startTime!=null and startTime!=''">
            and [operateTime] &gt;= CAST(#{startTime} as datetime)
            </if>           
            <if test="endTime!=null and endTime!=''">
            and [operateTime] &lt;= CAST(#{endTime} as datetime)
            </if>
		</where> 
		order by operateTime desc
	</select>
	
	<select id="QueryOperationLogList1" resultMap="OperationLogMap">
		SELECT operationId,operatorName,operateModule,operateMethod,operateTime,operateIP,operateType,operateTypeName,operateInfo 
		FROM (SELECT ROW_NUMBER() OVER (ORDER BY OperationID desc) AS RowNumber,* FROM Arms_OperationLog) as A where 
		RowNumber &gt; (#{pageNo}-1)*(#{pageSize}) and RowNumber &lt;= (#{pageNo})*(#{pageSize}) order by operateTime desc
	</select>
	
	<select id="GetOperationLogTotalCount" resultType="INTEGER">
		SELECT count(1) from Arms_OperationLog
	</select>
	
	<insert id="SaveOperationLog" parameterType="com.tcs.arms.model.OperationLog">
	    insert into Arms_OperationLog(OperatorID,OperatorName,OperateTime,OperateModule,OperateMethod,OperateRequestParam,OperateResponseParam,OperateUri,OperateIP,OperateType,OperateInfo) values 
	    (#{operatorId},#{operatorName},#{operateTime},#{operateModule},#{operateMethod},#{operateRequestParam},#{operateResponseParam},#{operateUri},#{operateIP},#{operateType},#{operateInfo})
	</insert>

	<insert id="SaveOperationErrorLog" parameterType="com.tcs.arms.model.OperationErrorLog">
	    insert into Arms_OperationErrorLog(OperatorID,OperatorName,OperateTime,OperateModule,OperateMethod,OperateRequestParam,OperateResponseParam,OperateUri,OperateIP,ErrorName,ErrorMessage,OperateInfo) values 
	    (#{operatorID},#{operatorName},#{operateTime},#{operateModule},#{operateMethod},#{operateRequestParam},#{operateResponseParam},#{operateUri},#{operateIP},#{errorName},#{errorMessage},#{operateInfo})
	</insert>

	<resultMap id="tableInfoMap" type="com.tcs.arms.model.TableStructureInfo">
		<result column="objectId" jdbcType="VARCHAR" property="objectId" />
		<result column="tableName" jdbcType="VARCHAR" property="tableName" />
		<result column="columnId" jdbcType="VARCHAR" property="columnId" />
		<result column="columnName" jdbcType="VARCHAR" property="columnName" />
	</resultMap>

	<select id="QueryTableStructureInfo" resultMap="tableInfoMap">
	select c.object_id as 'objectId',t.name as 'TableName', c.column_id as 'columnId',c.name as 'columnName' 
	from sys.columns c,sys.tables t where c.object_id=t.object_id 
	and lower(t.name)=lower(#{tableName}) order by c.column_id asc
	</select>

	<insert id="Save_AttributeControlInfo" parameterType="java.util.List">
		insert into Arms_AttributeControlInfo(AttributeId,AttributeName,TableId,TableName,IsActive) values
		<foreach collection="list" item="item" index="index" separator=",">
	    (#{item.attributeId},#{item.attributeName},#{item.tableId},#{item.tableName},#{item.isActive})
	    </foreach>
	</insert>

	<insert id="SaveAttributeControlInfo" parameterType="com.tcs.arms.model.AttributeControlInfo">
		insert into Arms_AttributeControlInfo(AttributeId,AttributeName,TableId,TableName,IsActive,sort) values	
	    (#{attributeId},#{attributeName},#{tableId},#{tableName},#{isActive},#{sort})
	</insert>

	<select id="GetAttributeControlRecord" resultType="INTEGER">
		select count(1) from Arms_AttributeControlInfo where attributeId=#{attributeId} and tableId=#{tableId}
	</select>

	<update id="EditAttributeControlInfo" parameterType="com.tcs.arms.model.AttributeControlInfo">
      update Arms_AttributeControlInfo set isActive=#{isActive},sort=#{sort} where id=#{id}
	</update>

	<delete id="DeleteAttributeControlInfo">
	    delete from Arms_AttributeControlInfo where id=#{id}
	</delete>

	<resultMap id="attributeInfoMap" type="com.tcs.arms.model.AttributeControlInfo">
		<result column="id" jdbcType="INTEGER" property="id" />
		<result column="attributeId" jdbcType="VARCHAR" property="attributeId" />
		<result column="attributeName" jdbcType="VARCHAR" property="attributeName" />
		<result column="tableId" jdbcType="VARCHAR" property="tableId" />
		<result column="tableName" jdbcType="VARCHAR" property="tableName" />
		<result column="isActive" jdbcType="BOOLEAN" property="isActive" />
		<result column="sort" jdbcType="INTEGER" property="sort" />
	</resultMap>
	<select id="QueryAttributeControlInfo" resultMap="attributeInfoMap">
	     select id,attributeId,attributeName,tableId,tableName,isActive,sort from Arms_AttributeControlInfo order by attributeId asc
	</select>

	<select id="QueryAttributeControlInfoIsActive" resultMap="attributeInfoMap">
	     select id,attributeId,attributeName,tableId,tableName,isActive,sort from Arms_AttributeControlInfo  
	     where IsActive=1 order by attributeId asc
	</select>

	<select id="QueryTaskSyncFilePathInfo" resultType="com.tcs.arms.model.TaskSyncFilePath">
	     select id,sourcePath,sourceAPath,sourceBPath,targetPath from Arms_TaskSyncFilePath
	</select>

	<insert id="SaveFilePathInfo" parameterType="com.tcs.arms.model.TaskSyncFilePath">
		insert into Arms_TaskSyncFilePath(sourceAPath,sourceBPath,targetPath) values (#{sourceAPath},#{sourceBPath},#{targetPath})
	</insert>

	<delete id="DeleteFilePathInfo">
      delete from Arms_TaskSyncFilePath
	</delete>


</mapper>